Player,Team,ID,Created Date,Updated Date,Owner,Data Sheets,Data Seets Landing,HTML
Trae Young,Atlanta Hawks,,,,,,,"{""nodes"":[{""type"":""PARAGRAPH"",""id"":""hlkd5116"",""nodes"":[],""paragraphData"":{}},{""type"":""HTML"",""id"":""cps99115"",""nodes"":[],""htmlData"":{""containerData"":{""textWrap"":true,""height"":{""custom"":""1000""},""spoiler"":{},""alignment"":""CENTER"",""width"":{""custom"":""1800""}},""url"":""https://raw.githack.com/backironanalytics/my-site-test/main/sheets/Trae%20Young.html"",""source"":""HTML""}},{""type"":""PARAGRAPH"",""id"":""zuhhp117"",""nodes"":[],""paragraphData"":{}}],""metadata"":{""version"":1,""createdTimestamp"":""2022-12-19T17:56:18.279Z"",""updatedTimestamp"":""2022-12-19T17:56:18.279Z"",""id"":""857a69b7-4e6b-4821-973a-064010acd74b""},""documentStyle"":{}}"
Bogdan Bogdanović,Atlanta Hawks,,,,,,,"{""nodes"":[{""type"":""PARAGRAPH"",""id"":""hlkd5116"",""nodes"":[],""paragraphData"":{}},{""type"":""HTML"",""id"":""cps99115"",""nodes"":[],""htmlData"":{""containerData"":{""textWrap"":true,""height"":{""custom"":""1000""},""spoiler"":{},""alignment"":""CENTER"",""width"":{""custom"":""1800""}},""url"":""https://raw.githack.com/backironanalytics/my-site-test/main/sheets/Bogdan%20Bogdanović.html"",""source"":""HTML""}},{""type"":""PARAGRAPH"",""id"":""zuhhp117"",""nodes"":[],""paragraphData"":{}}],""metadata"":{""version"":1,""createdTimestamp"":""2022-12-19T17:56:18.279Z"",""updatedTimestamp"":""2022-12-19T17:56:18.279Z"",""id"":""857a69b7-4e6b-4821-973a-064010acd74b""},""documentStyle"":{}}"
Clint Capela,Atlanta Hawks,,,,,,,"{""nodes"":[{""type"":""PARAGRAPH"",""id"":""hlkd5116"",""nodes"":[],""paragraphData"":{}},{""type"":""HTML"",""id"":""cps99115"",""nodes"":[],""htmlData"":{""containerData"":{""textWrap"":true,""height"":{""custom"":""1000""},""spoiler"":{},""alignment"":""CENTER"",""width"":{""custom"":""1800""}},""url"":""https://raw.githack.com/backironanalytics/my-site-test/main/sheets/Clint%20Capela.html"",""source"":""HTML""}},{""type"":""PARAGRAPH"",""id"":""zuhhp117"",""nodes"":[],""paragraphData"":{}}],""metadata"":{""version"":1,""createdTimestamp"":""2022-12-19T17:56:18.279Z"",""updatedTimestamp"":""2022-12-19T17:56:18.279Z"",""id"":""857a69b7-4e6b-4821-973a-064010acd74b""},""documentStyle"":{}}"
Larry Nance Jr.,Atlanta Hawks,,,,,,,"{""nodes"":[{""type"":""PARAGRAPH"",""id"":""hlkd5116"",""nodes"":[],""paragraphData"":{}},{""type"":""HTML"",""id"":""cps99115"",""nodes"":[],""htmlData"":{""containerData"":{""textWrap"":true,""height"":{""custom"":""1000""},""spoiler"":{},""alignment"":""CENTER"",""width"":{""custom"":""1800""}},""url"":""https://raw.githack.com/backironanalytics/my-site-test/main/sheets/Larry%20Nance Jr..html"",""source"":""HTML""}},{""type"":""PARAGRAPH"",""id"":""zuhhp117"",""nodes"":[],""paragraphData"":{}}],""metadata"":{""version"":1,""createdTimestamp"":""2022-12-19T17:56:18.279Z"",""updatedTimestamp"":""2022-12-19T17:56:18.279Z"",""id"":""857a69b7-4e6b-4821-973a-064010acd74b""},""documentStyle"":{}}"
Ben Simmons,Brooklyn Nets,,,,,,,"{""nodes"":[{""type"":""PARAGRAPH"",""id"":""hlkd5116"",""nodes"":[],""paragraphData"":{}},{""type"":""HTML"",""id"":""cps99115"",""nodes"":[],""htmlData"":{""containerData"":{""textWrap"":true,""height"":{""custom"":""1000""},""spoiler"":{},""alignment"":""CENTER"",""width"":{""custom"":""1800""}},""url"":""https://raw.githack.com/backironanalytics/my-site-test/main/sheets/Ben%20Simmons.html"",""source"":""HTML""}},{""type"":""PARAGRAPH"",""id"":""zuhhp117"",""nodes"":[],""paragraphData"":{}}],""metadata"":{""version"":1,""createdTimestamp"":""2022-12-19T17:56:18.279Z"",""updatedTimestamp"":""2022-12-19T17:56:18.279Z"",""id"":""857a69b7-4e6b-4821-973a-064010acd74b""},""documentStyle"":{}}"
Dennis Schröder,Brooklyn Nets,,,,,,,"{""nodes"":[{""type"":""PARAGRAPH"",""id"":""hlkd5116"",""nodes"":[],""paragraphData"":{}},{""type"":""HTML"",""id"":""cps99115"",""nodes"":[],""htmlData"":{""containerData"":{""textWrap"":true,""height"":{""custom"":""1000""},""spoiler"":{},""alignment"":""CENTER"",""width"":{""custom"":""1800""}},""url"":""https://raw.githack.com/backironanalytics/my-site-test/main/sheets/Dennis%20Schröder.html"",""source"":""HTML""}},{""type"":""PARAGRAPH"",""id"":""zuhhp117"",""nodes"":[],""paragraphData"":{}}],""metadata"":{""version"":1,""createdTimestamp"":""2022-12-19T17:56:18.279Z"",""updatedTimestamp"":""2022-12-19T17:56:18.279Z"",""id"":""857a69b7-4e6b-4821-973a-064010acd74b""},""documentStyle"":{}}"
Jayson Tatum,Boston Celtics,,,,,,,"{""nodes"":[{""type"":""PARAGRAPH"",""id"":""hlkd5116"",""nodes"":[],""paragraphData"":{}},{""type"":""HTML"",""id"":""cps99115"",""nodes"":[],""htmlData"":{""containerData"":{""textWrap"":true,""height"":{""custom"":""1000""},""spoiler"":{},""alignment"":""CENTER"",""width"":{""custom"":""1800""}},""url"":""https://raw.githack.com/backironanalytics/my-site-test/main/sheets/Jayson%20Tatum.html"",""source"":""HTML""}},{""type"":""PARAGRAPH"",""id"":""zuhhp117"",""nodes"":[],""paragraphData"":{}}],""metadata"":{""version"":1,""createdTimestamp"":""2022-12-19T17:56:18.279Z"",""updatedTimestamp"":""2022-12-19T17:56:18.279Z"",""id"":""857a69b7-4e6b-4821-973a-064010acd74b""},""documentStyle"":{}}"
Jrue Holiday,Boston Celtics,,,,,,,"{""nodes"":[{""type"":""PARAGRAPH"",""id"":""hlkd5116"",""nodes"":[],""paragraphData"":{}},{""type"":""HTML"",""id"":""cps99115"",""nodes"":[],""htmlData"":{""containerData"":{""textWrap"":true,""height"":{""custom"":""1000""},""spoiler"":{},""alignment"":""CENTER"",""width"":{""custom"":""1800""}},""url"":""https://raw.githack.com/backironanalytics/my-site-test/main/sheets/Jrue%20Holiday.html"",""source"":""HTML""}},{""type"":""PARAGRAPH"",""id"":""zuhhp117"",""nodes"":[],""paragraphData"":{}}],""metadata"":{""version"":1,""createdTimestamp"":""2022-12-19T17:56:18.279Z"",""updatedTimestamp"":""2022-12-19T17:56:18.279Z"",""id"":""857a69b7-4e6b-4821-973a-064010acd74b""},""documentStyle"":{}}"
Jaylen Brown,Boston Celtics,,,,,,,"{""nodes"":[{""type"":""PARAGRAPH"",""id"":""hlkd5116"",""nodes"":[],""paragraphData"":{}},{""type"":""HTML"",""id"":""cps99115"",""nodes"":[],""htmlData"":{""containerData"":{""textWrap"":true,""height"":{""custom"":""1000""},""spoiler"":{},""alignment"":""CENTER"",""width"":{""custom"":""1800""}},""url"":""https://raw.githack.com/backironanalytics/my-site-test/main/sheets/Jaylen%20Brown.html"",""source"":""HTML""}},{""type"":""PARAGRAPH"",""id"":""zuhhp117"",""nodes"":[],""paragraphData"":{}}],""metadata"":{""version"":1,""createdTimestamp"":""2022-12-19T17:56:18.279Z"",""updatedTimestamp"":""2022-12-19T17:56:18.279Z"",""id"":""857a69b7-4e6b-4821-973a-064010acd74b""},""documentStyle"":{}}"
Derrick White,Boston Celtics,,,,,,,"{""nodes"":[{""type"":""PARAGRAPH"",""id"":""hlkd5116"",""nodes"":[],""paragraphData"":{}},{""type"":""HTML"",""id"":""cps99115"",""nodes"":[],""htmlData"":{""containerData"":{""textWrap"":true,""height"":{""custom"":""1000""},""spoiler"":{},""alignment"":""CENTER"",""width"":{""custom"":""1800""}},""url"":""https://raw.githack.com/backironanalytics/my-site-test/main/sheets/Derrick%20White.html"",""source"":""HTML""}},{""type"":""PARAGRAPH"",""id"":""zuhhp117"",""nodes"":[],""paragraphData"":{}}],""metadata"":{""version"":1,""createdTimestamp"":""2022-12-19T17:56:18.279Z"",""updatedTimestamp"":""2022-12-19T17:56:18.279Z"",""id"":""857a69b7-4e6b-4821-973a-064010acd74b""},""documentStyle"":{}}"
Al Horford,Boston Celtics,,,,,,,"{""nodes"":[{""type"":""PARAGRAPH"",""id"":""hlkd5116"",""nodes"":[],""paragraphData"":{}},{""type"":""HTML"",""id"":""cps99115"",""nodes"":[],""htmlData"":{""containerData"":{""textWrap"":true,""height"":{""custom"":""1000""},""spoiler"":{},""alignment"":""CENTER"",""width"":{""custom"":""1800""}},""url"":""https://raw.githack.com/backironanalytics/my-site-test/main/sheets/Al%20Horford.html"",""source"":""HTML""}},{""type"":""PARAGRAPH"",""id"":""zuhhp117"",""nodes"":[],""paragraphData"":{}}],""metadata"":{""version"":1,""createdTimestamp"":""2022-12-19T17:56:18.279Z"",""updatedTimestamp"":""2022-12-19T17:56:18.279Z"",""id"":""857a69b7-4e6b-4821-973a-064010acd74b""},""documentStyle"":{}}"
Miles Bridges,Charlotte Hornets,,,,,,,"{""nodes"":[{""type"":""PARAGRAPH"",""id"":""hlkd5116"",""nodes"":[],""paragraphData"":{}},{""type"":""HTML"",""id"":""cps99115"",""nodes"":[],""htmlData"":{""containerData"":{""textWrap"":true,""height"":{""custom"":""1000""},""spoiler"":{},""alignment"":""CENTER"",""width"":{""custom"":""1800""}},""url"":""https://raw.githack.com/backironanalytics/my-site-test/main/sheets/Miles%20Bridges.html"",""source"":""HTML""}},{""type"":""PARAGRAPH"",""id"":""zuhhp117"",""nodes"":[],""paragraphData"":{}}],""metadata"":{""version"":1,""createdTimestamp"":""2022-12-19T17:56:18.279Z"",""updatedTimestamp"":""2022-12-19T17:56:18.279Z"",""id"":""857a69b7-4e6b-4821-973a-064010acd74b""},""documentStyle"":{}}"
LaMelo Ball,Charlotte Hornets,,,,,,,"{""nodes"":[{""type"":""PARAGRAPH"",""id"":""hlkd5116"",""nodes"":[],""paragraphData"":{}},{""type"":""HTML"",""id"":""cps99115"",""nodes"":[],""htmlData"":{""containerData"":{""textWrap"":true,""height"":{""custom"":""1000""},""spoiler"":{},""alignment"":""CENTER"",""width"":{""custom"":""1800""}},""url"":""https://raw.githack.com/backironanalytics/my-site-test/main/sheets/LaMelo%20Ball.html"",""source"":""HTML""}},{""type"":""PARAGRAPH"",""id"":""zuhhp117"",""nodes"":[],""paragraphData"":{}}],""metadata"":{""version"":1,""createdTimestamp"":""2022-12-19T17:56:18.279Z"",""updatedTimestamp"":""2022-12-19T17:56:18.279Z"",""id"":""857a69b7-4e6b-4821-973a-064010acd74b""},""documentStyle"":{}}"
Seth Curry,Charlotte Hornets,,,,,,,"{""nodes"":[{""type"":""PARAGRAPH"",""id"":""hlkd5116"",""nodes"":[],""paragraphData"":{}},{""type"":""HTML"",""id"":""cps99115"",""nodes"":[],""htmlData"":{""containerData"":{""textWrap"":true,""height"":{""custom"":""1000""},""spoiler"":{},""alignment"":""CENTER"",""width"":{""custom"":""1800""}},""url"":""https://raw.githack.com/backironanalytics/my-site-test/main/sheets/Seth%20Curry.html"",""source"":""HTML""}},{""type"":""PARAGRAPH"",""id"":""zuhhp117"",""nodes"":[],""paragraphData"":{}}],""metadata"":{""version"":1,""createdTimestamp"":""2022-12-19T17:56:18.279Z"",""updatedTimestamp"":""2022-12-19T17:56:18.279Z"",""id"":""857a69b7-4e6b-4821-973a-064010acd74b""},""documentStyle"":{}}"
Taj Gibson,Charlotte Hornets,,,,,,,"{""nodes"":[{""type"":""PARAGRAPH"",""id"":""hlkd5116"",""nodes"":[],""paragraphData"":{}},{""type"":""HTML"",""id"":""cps99115"",""nodes"":[],""htmlData"":{""containerData"":{""textWrap"":true,""height"":{""custom"":""1000""},""spoiler"":{},""alignment"":""CENTER"",""width"":{""custom"":""1800""}},""url"":""https://raw.githack.com/backironanalytics/my-site-test/main/sheets/Taj%20Gibson.html"",""source"":""HTML""}},{""type"":""PARAGRAPH"",""id"":""zuhhp117"",""nodes"":[],""paragraphData"":{}}],""metadata"":{""version"":1,""createdTimestamp"":""2022-12-19T17:56:18.279Z"",""updatedTimestamp"":""2022-12-19T17:56:18.279Z"",""id"":""857a69b7-4e6b-4821-973a-064010acd74b""},""documentStyle"":{}}"
Lonzo Ball,Chicago Bulls,,,,,,,"{""nodes"":[{""type"":""PARAGRAPH"",""id"":""hlkd5116"",""nodes"":[],""paragraphData"":{}},{""type"":""HTML"",""id"":""cps99115"",""nodes"":[],""htmlData"":{""containerData"":{""textWrap"":true,""height"":{""custom"":""1000""},""spoiler"":{},""alignment"":""CENTER"",""width"":{""custom"":""1800""}},""url"":""https://raw.githack.com/backironanalytics/my-site-test/main/sheets/Lonzo%20Ball.html"",""source"":""HTML""}},{""type"":""PARAGRAPH"",""id"":""zuhhp117"",""nodes"":[],""paragraphData"":{}}],""metadata"":{""version"":1,""createdTimestamp"":""2022-12-19T17:56:18.279Z"",""updatedTimestamp"":""2022-12-19T17:56:18.279Z"",""id"":""857a69b7-4e6b-4821-973a-064010acd74b""},""documentStyle"":{}}"
Josh Giddey,Chicago Bulls,,,,,,,"{""nodes"":[{""type"":""PARAGRAPH"",""id"":""hlkd5116"",""nodes"":[],""paragraphData"":{}},{""type"":""HTML"",""id"":""cps99115"",""nodes"":[],""htmlData"":{""containerData"":{""textWrap"":true,""height"":{""custom"":""1000""},""spoiler"":{},""alignment"":""CENTER"",""width"":{""custom"":""1800""}},""url"":""https://raw.githack.com/backironanalytics/my-site-test/main/sheets/Josh%20Giddey.html"",""source"":""HTML""}},{""type"":""PARAGRAPH"",""id"":""zuhhp117"",""nodes"":[],""paragraphData"":{}}],""metadata"":{""version"":1,""createdTimestamp"":""2022-12-19T17:56:18.279Z"",""updatedTimestamp"":""2022-12-19T17:56:18.279Z"",""id"":""857a69b7-4e6b-4821-973a-064010acd74b""},""documentStyle"":{}}"
Zach LaVine,Chicago Bulls,,,,,,,"{""nodes"":[{""type"":""PARAGRAPH"",""id"":""hlkd5116"",""nodes"":[],""paragraphData"":{}},{""type"":""HTML"",""id"":""cps99115"",""nodes"":[],""htmlData"":{""containerData"":{""textWrap"":true,""height"":{""custom"":""1000""},""spoiler"":{},""alignment"":""CENTER"",""width"":{""custom"":""1800""}},""url"":""https://raw.githack.com/backironanalytics/my-site-test/main/sheets/Zach%20LaVine.html"",""source"":""HTML""}},{""type"":""PARAGRAPH"",""id"":""zuhhp117"",""nodes"":[],""paragraphData"":{}}],""metadata"":{""version"":1,""createdTimestamp"":""2022-12-19T17:56:18.279Z"",""updatedTimestamp"":""2022-12-19T17:56:18.279Z"",""id"":""857a69b7-4e6b-4821-973a-064010acd74b""},""documentStyle"":{}}"
Nikola Vučević,Chicago Bulls,,,,,,,"{""nodes"":[{""type"":""PARAGRAPH"",""id"":""hlkd5116"",""nodes"":[],""paragraphData"":{}},{""type"":""HTML"",""id"":""cps99115"",""nodes"":[],""htmlData"":{""containerData"":{""textWrap"":true,""height"":{""custom"":""1000""},""spoiler"":{},""alignment"":""CENTER"",""width"":{""custom"":""1800""}},""url"":""https://raw.githack.com/backironanalytics/my-site-test/main/sheets/Nikola%20Vučević.html"",""source"":""HTML""}},{""type"":""PARAGRAPH"",""id"":""zuhhp117"",""nodes"":[],""paragraphData"":{}}],""metadata"":{""version"":1,""createdTimestamp"":""2022-12-19T17:56:18.279Z"",""updatedTimestamp"":""2022-12-19T17:56:18.279Z"",""id"":""857a69b7-4e6b-4821-973a-064010acd74b""},""documentStyle"":{}}"
Caris LeVert,Cleveland Cavaliers,,,,,,,"{""nodes"":[{""type"":""PARAGRAPH"",""id"":""hlkd5116"",""nodes"":[],""paragraphData"":{}},{""type"":""HTML"",""id"":""cps99115"",""nodes"":[],""htmlData"":{""containerData"":{""textWrap"":true,""height"":{""custom"":""1000""},""spoiler"":{},""alignment"":""CENTER"",""width"":{""custom"":""1800""}},""url"":""https://raw.githack.com/backironanalytics/my-site-test/main/sheets/Caris%20LeVert.html"",""source"":""HTML""}},{""type"":""PARAGRAPH"",""id"":""zuhhp117"",""nodes"":[],""paragraphData"":{}}],""metadata"":{""version"":1,""createdTimestamp"":""2022-12-19T17:56:18.279Z"",""updatedTimestamp"":""2022-12-19T17:56:18.279Z"",""id"":""857a69b7-4e6b-4821-973a-064010acd74b""},""documentStyle"":{}}"
Darius Garland,Cleveland Cavaliers,,,,,,,"{""nodes"":[{""type"":""PARAGRAPH"",""id"":""hlkd5116"",""nodes"":[],""paragraphData"":{}},{""type"":""HTML"",""id"":""cps99115"",""nodes"":[],""htmlData"":{""containerData"":{""textWrap"":true,""height"":{""custom"":""1000""},""spoiler"":{},""alignment"":""CENTER"",""width"":{""custom"":""1800""}},""url"":""https://raw.githack.com/backironanalytics/my-site-test/main/sheets/Darius%20Garland.html"",""source"":""HTML""}},{""type"":""PARAGRAPH"",""id"":""zuhhp117"",""nodes"":[],""paragraphData"":{}}],""metadata"":{""version"":1,""createdTimestamp"":""2022-12-19T17:56:18.279Z"",""updatedTimestamp"":""2022-12-19T17:56:18.279Z"",""id"":""857a69b7-4e6b-4821-973a-064010acd74b""},""documentStyle"":{}}"
Donovan Mitchell,Cleveland Cavaliers,,,,,,,"{""nodes"":[{""type"":""PARAGRAPH"",""id"":""hlkd5116"",""nodes"":[],""paragraphData"":{}},{""type"":""HTML"",""id"":""cps99115"",""nodes"":[],""htmlData"":{""containerData"":{""textWrap"":true,""height"":{""custom"":""1000""},""spoiler"":{},""alignment"":""CENTER"",""width"":{""custom"":""1800""}},""url"":""https://raw.githack.com/backironanalytics/my-site-test/main/sheets/Donovan%20Mitchell.html"",""source"":""HTML""}},{""type"":""PARAGRAPH"",""id"":""zuhhp117"",""nodes"":[],""paragraphData"":{}}],""metadata"":{""version"":1,""createdTimestamp"":""2022-12-19T17:56:18.279Z"",""updatedTimestamp"":""2022-12-19T17:56:18.279Z"",""id"":""857a69b7-4e6b-4821-973a-064010acd74b""},""documentStyle"":{}}"
Dwight Powell,Dallas Mavericks,,,,,,,"{""nodes"":[{""type"":""PARAGRAPH"",""id"":""hlkd5116"",""nodes"":[],""paragraphData"":{}},{""type"":""HTML"",""id"":""cps99115"",""nodes"":[],""htmlData"":{""containerData"":{""textWrap"":true,""height"":{""custom"":""1000""},""spoiler"":{},""alignment"":""CENTER"",""width"":{""custom"":""1800""}},""url"":""https://raw.githack.com/backironanalytics/my-site-test/main/sheets/Dwight%20Powell.html"",""source"":""HTML""}},{""type"":""PARAGRAPH"",""id"":""zuhhp117"",""nodes"":[],""paragraphData"":{}}],""metadata"":{""version"":1,""createdTimestamp"":""2022-12-19T17:56:18.279Z"",""updatedTimestamp"":""2022-12-19T17:56:18.279Z"",""id"":""857a69b7-4e6b-4821-973a-064010acd74b""},""documentStyle"":{}}"
Kyrie Irving,Dallas Mavericks,,,,,,,"{""nodes"":[{""type"":""PARAGRAPH"",""id"":""hlkd5116"",""nodes"":[],""paragraphData"":{}},{""type"":""HTML"",""id"":""cps99115"",""nodes"":[],""htmlData"":{""containerData"":{""textWrap"":true,""height"":{""custom"":""1000""},""spoiler"":{},""alignment"":""CENTER"",""width"":{""custom"":""1800""}},""url"":""https://raw.githack.com/backironanalytics/my-site-test/main/sheets/Kyrie%20Irving.html"",""source"":""HTML""}},{""type"":""PARAGRAPH"",""id"":""zuhhp117"",""nodes"":[],""paragraphData"":{}}],""metadata"":{""version"":1,""createdTimestamp"":""2022-12-19T17:56:18.279Z"",""updatedTimestamp"":""2022-12-19T17:56:18.279Z"",""id"":""857a69b7-4e6b-4821-973a-064010acd74b""},""documentStyle"":{}}"
P.J. Washington,Dallas Mavericks,,,,,,,"{""nodes"":[{""type"":""PARAGRAPH"",""id"":""hlkd5116"",""nodes"":[],""paragraphData"":{}},{""type"":""HTML"",""id"":""cps99115"",""nodes"":[],""htmlData"":{""containerData"":{""textWrap"":true,""height"":{""custom"":""1000""},""spoiler"":{},""alignment"":""CENTER"",""width"":{""custom"":""1800""}},""url"":""https://raw.githack.com/backironanalytics/my-site-test/main/sheets/P.J.%20Washington.html"",""source"":""HTML""}},{""type"":""PARAGRAPH"",""id"":""zuhhp117"",""nodes"":[],""paragraphData"":{}}],""metadata"":{""version"":1,""createdTimestamp"":""2022-12-19T17:56:18.279Z"",""updatedTimestamp"":""2022-12-19T17:56:18.279Z"",""id"":""857a69b7-4e6b-4821-973a-064010acd74b""},""documentStyle"":{}}"
Klay Thompson,Dallas Mavericks,,,,,,,"{""nodes"":[{""type"":""PARAGRAPH"",""id"":""hlkd5116"",""nodes"":[],""paragraphData"":{}},{""type"":""HTML"",""id"":""cps99115"",""nodes"":[],""htmlData"":{""containerData"":{""textWrap"":true,""height"":{""custom"":""1000""},""spoiler"":{},""alignment"":""CENTER"",""width"":{""custom"":""1800""}},""url"":""https://raw.githack.com/backironanalytics/my-site-test/main/sheets/Klay%20Thompson.html"",""source"":""HTML""}},{""type"":""PARAGRAPH"",""id"":""zuhhp117"",""nodes"":[],""paragraphData"":{}}],""metadata"":{""version"":1,""createdTimestamp"":""2022-12-19T17:56:18.279Z"",""updatedTimestamp"":""2022-12-19T17:56:18.279Z"",""id"":""857a69b7-4e6b-4821-973a-064010acd74b""},""documentStyle"":{}}"
Luka Dončić,Dallas Mavericks,,,,,,,"{""nodes"":[{""type"":""PARAGRAPH"",""id"":""hlkd5116"",""nodes"":[],""paragraphData"":{}},{""type"":""HTML"",""id"":""cps99115"",""nodes"":[],""htmlData"":{""containerData"":{""textWrap"":true,""height"":{""custom"":""1000""},""spoiler"":{},""alignment"":""CENTER"",""width"":{""custom"":""1800""}},""url"":""https://raw.githack.com/backironanalytics/my-site-test/main/sheets/Luka%20Dončić.html"",""source"":""HTML""}},{""type"":""PARAGRAPH"",""id"":""zuhhp117"",""nodes"":[],""paragraphData"":{}}],""metadata"":{""version"":1,""createdTimestamp"":""2022-12-19T17:56:18.279Z"",""updatedTimestamp"":""2022-12-19T17:56:18.279Z"",""id"":""857a69b7-4e6b-4821-973a-064010acd74b""},""documentStyle"":{}}"
Christian Braun,Denver Nuggets,,,,,,,"{""nodes"":[{""type"":""PARAGRAPH"",""id"":""hlkd5116"",""nodes"":[],""paragraphData"":{}},{""type"":""HTML"",""id"":""cps99115"",""nodes"":[],""htmlData"":{""containerData"":{""textWrap"":true,""height"":{""custom"":""1000""},""spoiler"":{},""alignment"":""CENTER"",""width"":{""custom"":""1800""}},""url"":""https://raw.githack.com/backironanalytics/my-site-test/main/sheets/Christian%20Braun.html"",""source"":""HTML""}},{""type"":""PARAGRAPH"",""id"":""zuhhp117"",""nodes"":[],""paragraphData"":{}}],""metadata"":{""version"":1,""createdTimestamp"":""2022-12-19T17:56:18.279Z"",""updatedTimestamp"":""2022-12-19T17:56:18.279Z"",""id"":""857a69b7-4e6b-4821-973a-064010acd74b""},""documentStyle"":{}}"
Michael Porter Jr.,Denver Nuggets,,,,,,,"{""nodes"":[{""type"":""PARAGRAPH"",""id"":""hlkd5116"",""nodes"":[],""paragraphData"":{}},{""type"":""HTML"",""id"":""cps99115"",""nodes"":[],""htmlData"":{""containerData"":{""textWrap"":true,""height"":{""custom"":""1000""},""spoiler"":{},""alignment"":""CENTER"",""width"":{""custom"":""1800""}},""url"":""https://raw.githack.com/backironanalytics/my-site-test/main/sheets/Michael%20Porter Jr..html"",""source"":""HTML""}},{""type"":""PARAGRAPH"",""id"":""zuhhp117"",""nodes"":[],""paragraphData"":{}}],""metadata"":{""version"":1,""createdTimestamp"":""2022-12-19T17:56:18.279Z"",""updatedTimestamp"":""2022-12-19T17:56:18.279Z"",""id"":""857a69b7-4e6b-4821-973a-064010acd74b""},""documentStyle"":{}}"
Russell Westbrook,Denver Nuggets,,,,,,,"{""nodes"":[{""type"":""PARAGRAPH"",""id"":""hlkd5116"",""nodes"":[],""paragraphData"":{}},{""type"":""HTML"",""id"":""cps99115"",""nodes"":[],""htmlData"":{""containerData"":{""textWrap"":true,""height"":{""custom"":""1000""},""spoiler"":{},""alignment"":""CENTER"",""width"":{""custom"":""1800""}},""url"":""https://raw.githack.com/backironanalytics/my-site-test/main/sheets/Russell%20Westbrook.html"",""source"":""HTML""}},{""type"":""PARAGRAPH"",""id"":""zuhhp117"",""nodes"":[],""paragraphData"":{}}],""metadata"":{""version"":1,""createdTimestamp"":""2022-12-19T17:56:18.279Z"",""updatedTimestamp"":""2022-12-19T17:56:18.279Z"",""id"":""857a69b7-4e6b-4821-973a-064010acd74b""},""documentStyle"":{}}"
Nikola Jokić,Denver Nuggets,,,,,,,"{""nodes"":[{""type"":""PARAGRAPH"",""id"":""hlkd5116"",""nodes"":[],""paragraphData"":{}},{""type"":""HTML"",""id"":""cps99115"",""nodes"":[],""htmlData"":{""containerData"":{""textWrap"":true,""height"":{""custom"":""1000""},""spoiler"":{},""alignment"":""CENTER"",""width"":{""custom"":""1800""}},""url"":""https://raw.githack.com/backironanalytics/my-site-test/main/sheets/Nikola%20Jokić.html"",""source"":""HTML""}},{""type"":""PARAGRAPH"",""id"":""zuhhp117"",""nodes"":[],""paragraphData"":{}}],""metadata"":{""version"":1,""createdTimestamp"":""2022-12-19T17:56:18.279Z"",""updatedTimestamp"":""2022-12-19T17:56:18.279Z"",""id"":""857a69b7-4e6b-4821-973a-064010acd74b""},""documentStyle"":{}}"
Jamal Murray,Denver Nuggets,,,,,,,"{""nodes"":[{""type"":""PARAGRAPH"",""id"":""hlkd5116"",""nodes"":[],""paragraphData"":{}},{""type"":""HTML"",""id"":""cps99115"",""nodes"":[],""htmlData"":{""containerData"":{""textWrap"":true,""height"":{""custom"":""1000""},""spoiler"":{},""alignment"":""CENTER"",""width"":{""custom"":""1800""}},""url"":""https://raw.githack.com/backironanalytics/my-site-test/main/sheets/Jamal%20Murray.html"",""source"":""HTML""}},{""type"":""PARAGRAPH"",""id"":""zuhhp117"",""nodes"":[],""paragraphData"":{}}],""metadata"":{""version"":1,""createdTimestamp"":""2022-12-19T17:56:18.279Z"",""updatedTimestamp"":""2022-12-19T17:56:18.279Z"",""id"":""857a69b7-4e6b-4821-973a-064010acd74b""},""documentStyle"":{}}"
Aaron Gordon,Denver Nuggets,,,,,,,"{""nodes"":[{""type"":""PARAGRAPH"",""id"":""hlkd5116"",""nodes"":[],""paragraphData"":{}},{""type"":""HTML"",""id"":""cps99115"",""nodes"":[],""htmlData"":{""containerData"":{""textWrap"":true,""height"":{""custom"":""1000""},""spoiler"":{},""alignment"":""CENTER"",""width"":{""custom"":""1800""}},""url"":""https://raw.githack.com/backironanalytics/my-site-test/main/sheets/Aaron%20Gordon.html"",""source"":""HTML""}},{""type"":""PARAGRAPH"",""id"":""zuhhp117"",""nodes"":[],""paragraphData"":{}}],""metadata"":{""version"":1,""createdTimestamp"":""2022-12-19T17:56:18.279Z"",""updatedTimestamp"":""2022-12-19T17:56:18.279Z"",""id"":""857a69b7-4e6b-4821-973a-064010acd74b""},""documentStyle"":{}}"
Malik Beasley,Detroit Pistons,,,,,,,"{""nodes"":[{""type"":""PARAGRAPH"",""id"":""hlkd5116"",""nodes"":[],""paragraphData"":{}},{""type"":""HTML"",""id"":""cps99115"",""nodes"":[],""htmlData"":{""containerData"":{""textWrap"":true,""height"":{""custom"":""1000""},""spoiler"":{},""alignment"":""CENTER"",""width"":{""custom"":""1800""}},""url"":""https://raw.githack.com/backironanalytics/my-site-test/main/sheets/Malik%20Beasley.html"",""source"":""HTML""}},{""type"":""PARAGRAPH"",""id"":""zuhhp117"",""nodes"":[],""paragraphData"":{}}],""metadata"":{""version"":1,""createdTimestamp"":""2022-12-19T17:56:18.279Z"",""updatedTimestamp"":""2022-12-19T17:56:18.279Z"",""id"":""857a69b7-4e6b-4821-973a-064010acd74b""},""documentStyle"":{}}"
Tim Hardaway Jr.,Detroit Pistons,,,,,,,"{""nodes"":[{""type"":""PARAGRAPH"",""id"":""hlkd5116"",""nodes"":[],""paragraphData"":{}},{""type"":""HTML"",""id"":""cps99115"",""nodes"":[],""htmlData"":{""containerData"":{""textWrap"":true,""height"":{""custom"":""1000""},""spoiler"":{},""alignment"":""CENTER"",""width"":{""custom"":""1800""}},""url"":""https://raw.githack.com/backironanalytics/my-site-test/main/sheets/Tim%20Hardaway Jr..html"",""source"":""HTML""}},{""type"":""PARAGRAPH"",""id"":""zuhhp117"",""nodes"":[],""paragraphData"":{}}],""metadata"":{""version"":1,""createdTimestamp"":""2022-12-19T17:56:18.279Z"",""updatedTimestamp"":""2022-12-19T17:56:18.279Z"",""id"":""857a69b7-4e6b-4821-973a-064010acd74b""},""documentStyle"":{}}"
Buddy Hield,Golden State Warriors,,,,,,,"{""nodes"":[{""type"":""PARAGRAPH"",""id"":""hlkd5116"",""nodes"":[],""paragraphData"":{}},{""type"":""HTML"",""id"":""cps99115"",""nodes"":[],""htmlData"":{""containerData"":{""textWrap"":true,""height"":{""custom"":""1000""},""spoiler"":{},""alignment"":""CENTER"",""width"":{""custom"":""1800""}},""url"":""https://raw.githack.com/backironanalytics/my-site-test/main/sheets/Buddy%20Hield.html"",""source"":""HTML""}},{""type"":""PARAGRAPH"",""id"":""zuhhp117"",""nodes"":[],""paragraphData"":{}}],""metadata"":{""version"":1,""createdTimestamp"":""2022-12-19T17:56:18.279Z"",""updatedTimestamp"":""2022-12-19T17:56:18.279Z"",""id"":""857a69b7-4e6b-4821-973a-064010acd74b""},""documentStyle"":{}}"
Andrew Wiggins,Golden State Warriors,,,,,,,"{""nodes"":[{""type"":""PARAGRAPH"",""id"":""hlkd5116"",""nodes"":[],""paragraphData"":{}},{""type"":""HTML"",""id"":""cps99115"",""nodes"":[],""htmlData"":{""containerData"":{""textWrap"":true,""height"":{""custom"":""1000""},""spoiler"":{},""alignment"":""CENTER"",""width"":{""custom"":""1800""}},""url"":""https://raw.githack.com/backironanalytics/my-site-test/main/sheets/Andrew%20Wiggins.html"",""source"":""HTML""}},{""type"":""PARAGRAPH"",""id"":""zuhhp117"",""nodes"":[],""paragraphData"":{}}],""metadata"":{""version"":1,""createdTimestamp"":""2022-12-19T17:56:18.279Z"",""updatedTimestamp"":""2022-12-19T17:56:18.279Z"",""id"":""857a69b7-4e6b-4821-973a-064010acd74b""},""documentStyle"":{}}"
Draymond Green,Golden State Warriors,,,,,,,"{""nodes"":[{""type"":""PARAGRAPH"",""id"":""hlkd5116"",""nodes"":[],""paragraphData"":{}},{""type"":""HTML"",""id"":""cps99115"",""nodes"":[],""htmlData"":{""containerData"":{""textWrap"":true,""height"":{""custom"":""1000""},""spoiler"":{},""alignment"":""CENTER"",""width"":{""custom"":""1800""}},""url"":""https://raw.githack.com/backironanalytics/my-site-test/main/sheets/Draymond%20Green.html"",""source"":""HTML""}},{""type"":""PARAGRAPH"",""id"":""zuhhp117"",""nodes"":[],""paragraphData"":{}}],""metadata"":{""version"":1,""createdTimestamp"":""2022-12-19T17:56:18.279Z"",""updatedTimestamp"":""2022-12-19T17:56:18.279Z"",""id"":""857a69b7-4e6b-4821-973a-064010acd74b""},""documentStyle"":{}}"
Stephen Curry,Golden State Warriors,,,,,,,"{""nodes"":[{""type"":""PARAGRAPH"",""id"":""hlkd5116"",""nodes"":[],""paragraphData"":{}},{""type"":""HTML"",""id"":""cps99115"",""nodes"":[],""htmlData"":{""containerData"":{""textWrap"":true,""height"":{""custom"":""1000""},""spoiler"":{},""alignment"":""CENTER"",""width"":{""custom"":""1800""}},""url"":""https://raw.githack.com/backironanalytics/my-site-test/main/sheets/Stephen%20Curry.html"",""source"":""HTML""}},{""type"":""PARAGRAPH"",""id"":""zuhhp117"",""nodes"":[],""paragraphData"":{}}],""metadata"":{""version"":1,""createdTimestamp"":""2022-12-19T17:56:18.279Z"",""updatedTimestamp"":""2022-12-19T17:56:18.279Z"",""id"":""857a69b7-4e6b-4821-973a-064010acd74b""},""documentStyle"":{}}"
Jalen Green,Houston Rockets,,,,,,,"{""nodes"":[{""type"":""PARAGRAPH"",""id"":""hlkd5116"",""nodes"":[],""paragraphData"":{}},{""type"":""HTML"",""id"":""cps99115"",""nodes"":[],""htmlData"":{""containerData"":{""textWrap"":true,""height"":{""custom"":""1000""},""spoiler"":{},""alignment"":""CENTER"",""width"":{""custom"":""1800""}},""url"":""https://raw.githack.com/backironanalytics/my-site-test/main/sheets/Jalen%20Green.html"",""source"":""HTML""}},{""type"":""PARAGRAPH"",""id"":""zuhhp117"",""nodes"":[],""paragraphData"":{}}],""metadata"":{""version"":1,""createdTimestamp"":""2022-12-19T17:56:18.279Z"",""updatedTimestamp"":""2022-12-19T17:56:18.279Z"",""id"":""857a69b7-4e6b-4821-973a-064010acd74b""},""documentStyle"":{}}"
Fred VanVleet,Houston Rockets,,,,,,,"{""nodes"":[{""type"":""PARAGRAPH"",""id"":""hlkd5116"",""nodes"":[],""paragraphData"":{}},{""type"":""HTML"",""id"":""cps99115"",""nodes"":[],""htmlData"":{""containerData"":{""textWrap"":true,""height"":{""custom"":""1000""},""spoiler"":{},""alignment"":""CENTER"",""width"":{""custom"":""1800""}},""url"":""https://raw.githack.com/backironanalytics/my-site-test/main/sheets/Fred%20VanVleet.html"",""source"":""HTML""}},{""type"":""PARAGRAPH"",""id"":""zuhhp117"",""nodes"":[],""paragraphData"":{}}],""metadata"":{""version"":1,""createdTimestamp"":""2022-12-19T17:56:18.279Z"",""updatedTimestamp"":""2022-12-19T17:56:18.279Z"",""id"":""857a69b7-4e6b-4821-973a-064010acd74b""},""documentStyle"":{}}"
Dillon Brooks,Houston Rockets,,,,,,,"{""nodes"":[{""type"":""PARAGRAPH"",""id"":""hlkd5116"",""nodes"":[],""paragraphData"":{}},{""type"":""HTML"",""id"":""cps99115"",""nodes"":[],""htmlData"":{""containerData"":{""textWrap"":true,""height"":{""custom"":""1000""},""spoiler"":{},""alignment"":""CENTER"",""width"":{""custom"":""1800""}},""url"":""https://raw.githack.com/backironanalytics/my-site-test/main/sheets/Dillon%20Brooks.html"",""source"":""HTML""}},{""type"":""PARAGRAPH"",""id"":""zuhhp117"",""nodes"":[],""paragraphData"":{}}],""metadata"":{""version"":1,""createdTimestamp"":""2022-12-19T17:56:18.279Z"",""updatedTimestamp"":""2022-12-19T17:56:18.279Z"",""id"":""857a69b7-4e6b-4821-973a-064010acd74b""},""documentStyle"":{}}"
Steven Adams,Houston Rockets,,,,,,,"{""nodes"":[{""type"":""PARAGRAPH"",""id"":""hlkd5116"",""nodes"":[],""paragraphData"":{}},{""type"":""HTML"",""id"":""cps99115"",""nodes"":[],""htmlData"":{""containerData"":{""textWrap"":true,""height"":{""custom"":""1000""},""spoiler"":{},""alignment"":""CENTER"",""width"":{""custom"":""1800""}},""url"":""https://raw.githack.com/backironanalytics/my-site-test/main/sheets/Steven%20Adams.html"",""source"":""HTML""}},{""type"":""PARAGRAPH"",""id"":""zuhhp117"",""nodes"":[],""paragraphData"":{}}],""metadata"":{""version"":1,""createdTimestamp"":""2022-12-19T17:56:18.279Z"",""updatedTimestamp"":""2022-12-19T17:56:18.279Z"",""id"":""857a69b7-4e6b-4821-973a-064010acd74b""},""documentStyle"":{}}"
Tyrese Haliburton,Indiana Pacers,,,,,,,"{""nodes"":[{""type"":""PARAGRAPH"",""id"":""hlkd5116"",""nodes"":[],""paragraphData"":{}},{""type"":""HTML"",""id"":""cps99115"",""nodes"":[],""htmlData"":{""containerData"":{""textWrap"":true,""height"":{""custom"":""1000""},""spoiler"":{},""alignment"":""CENTER"",""width"":{""custom"":""1800""}},""url"":""https://raw.githack.com/backironanalytics/my-site-test/main/sheets/Tyrese%20Haliburton.html"",""source"":""HTML""}},{""type"":""PARAGRAPH"",""id"":""zuhhp117"",""nodes"":[],""paragraphData"":{}}],""metadata"":{""version"":1,""createdTimestamp"":""2022-12-19T17:56:18.279Z"",""updatedTimestamp"":""2022-12-19T17:56:18.279Z"",""id"":""857a69b7-4e6b-4821-973a-064010acd74b""},""documentStyle"":{}}"
Obi Toppin,Indiana Pacers,,,,,,,"{""nodes"":[{""type"":""PARAGRAPH"",""id"":""hlkd5116"",""nodes"":[],""paragraphData"":{}},{""type"":""HTML"",""id"":""cps99115"",""nodes"":[],""htmlData"":{""containerData"":{""textWrap"":true,""height"":{""custom"":""1000""},""spoiler"":{},""alignment"":""CENTER"",""width"":{""custom"":""1800""}},""url"":""https://raw.githack.com/backironanalytics/my-site-test/main/sheets/Obi%20Toppin.html"",""source"":""HTML""}},{""type"":""PARAGRAPH"",""id"":""zuhhp117"",""nodes"":[],""paragraphData"":{}}],""metadata"":{""version"":1,""createdTimestamp"":""2022-12-19T17:56:18.279Z"",""updatedTimestamp"":""2022-12-19T17:56:18.279Z"",""id"":""857a69b7-4e6b-4821-973a-064010acd74b""},""documentStyle"":{}}"
James Harden,Los Angeles Clippers,,,,,,,"{""nodes"":[{""type"":""PARAGRAPH"",""id"":""hlkd5116"",""nodes"":[],""paragraphData"":{}},{""type"":""HTML"",""id"":""cps99115"",""nodes"":[],""htmlData"":{""containerData"":{""textWrap"":true,""height"":{""custom"":""1000""},""spoiler"":{},""alignment"":""CENTER"",""width"":{""custom"":""1800""}},""url"":""https://raw.githack.com/backironanalytics/my-site-test/main/sheets/James%20Harden.html"",""source"":""HTML""}},{""type"":""PARAGRAPH"",""id"":""zuhhp117"",""nodes"":[],""paragraphData"":{}}],""metadata"":{""version"":1,""createdTimestamp"":""2022-12-19T17:56:18.279Z"",""updatedTimestamp"":""2022-12-19T17:56:18.279Z"",""id"":""857a69b7-4e6b-4821-973a-064010acd74b""},""documentStyle"":{}}"
Terance Mann,Los Angeles Clippers,,,,,,,"{""nodes"":[{""type"":""PARAGRAPH"",""id"":""hlkd5116"",""nodes"":[],""paragraphData"":{}},{""type"":""HTML"",""id"":""cps99115"",""nodes"":[],""htmlData"":{""containerData"":{""textWrap"":true,""height"":{""custom"":""1000""},""spoiler"":{},""alignment"":""CENTER"",""width"":{""custom"":""1800""}},""url"":""https://raw.githack.com/backironanalytics/my-site-test/main/sheets/Terance%20Mann.html"",""source"":""HTML""}},{""type"":""PARAGRAPH"",""id"":""zuhhp117"",""nodes"":[],""paragraphData"":{}}],""metadata"":{""version"":1,""createdTimestamp"":""2022-12-19T17:56:18.279Z"",""updatedTimestamp"":""2022-12-19T17:56:18.279Z"",""id"":""857a69b7-4e6b-4821-973a-064010acd74b""},""documentStyle"":{}}"
Ivica Zubac,Los Angeles Clippers,,,,,,,"{""nodes"":[{""type"":""PARAGRAPH"",""id"":""hlkd5116"",""nodes"":[],""paragraphData"":{}},{""type"":""HTML"",""id"":""cps99115"",""nodes"":[],""htmlData"":{""containerData"":{""textWrap"":true,""height"":{""custom"":""1000""},""spoiler"":{},""alignment"":""CENTER"",""width"":{""custom"":""1800""}},""url"":""https://raw.githack.com/backironanalytics/my-site-test/main/sheets/Ivica%20Zubac.html"",""source"":""HTML""}},{""type"":""PARAGRAPH"",""id"":""zuhhp117"",""nodes"":[],""paragraphData"":{}}],""metadata"":{""version"":1,""createdTimestamp"":""2022-12-19T17:56:18.279Z"",""updatedTimestamp"":""2022-12-19T17:56:18.279Z"",""id"":""857a69b7-4e6b-4821-973a-064010acd74b""},""documentStyle"":{}}"
D'Angelo Russell,Los Angeles Lakers,,,,,,,"{""nodes"":[{""type"":""PARAGRAPH"",""id"":""hlkd5116"",""nodes"":[],""paragraphData"":{}},{""type"":""HTML"",""id"":""cps99115"",""nodes"":[],""htmlData"":{""containerData"":{""textWrap"":true,""height"":{""custom"":""1000""},""spoiler"":{},""alignment"":""CENTER"",""width"":{""custom"":""1800""}},""url"":""https://raw.githack.com/backironanalytics/my-site-test/main/sheets/D'Angelo%20Russell.html"",""source"":""HTML""}},{""type"":""PARAGRAPH"",""id"":""zuhhp117"",""nodes"":[],""paragraphData"":{}}],""metadata"":{""version"":1,""createdTimestamp"":""2022-12-19T17:56:18.279Z"",""updatedTimestamp"":""2022-12-19T17:56:18.279Z"",""id"":""857a69b7-4e6b-4821-973a-064010acd74b""},""documentStyle"":{}}"
Anthony Davis,Los Angeles Lakers,,,,,,,"{""nodes"":[{""type"":""PARAGRAPH"",""id"":""hlkd5116"",""nodes"":[],""paragraphData"":{}},{""type"":""HTML"",""id"":""cps99115"",""nodes"":[],""htmlData"":{""containerData"":{""textWrap"":true,""height"":{""custom"":""1000""},""spoiler"":{},""alignment"":""CENTER"",""width"":{""custom"":""1800""}},""url"":""https://raw.githack.com/backironanalytics/my-site-test/main/sheets/Anthony%20Davis.html"",""source"":""HTML""}},{""type"":""PARAGRAPH"",""id"":""zuhhp117"",""nodes"":[],""paragraphData"":{}}],""metadata"":{""version"":1,""createdTimestamp"":""2022-12-19T17:56:18.279Z"",""updatedTimestamp"":""2022-12-19T17:56:18.279Z"",""id"":""857a69b7-4e6b-4821-973a-064010acd74b""},""documentStyle"":{}}"
Austin Reaves,Los Angeles Lakers,,,,,,,"{""nodes"":[{""type"":""PARAGRAPH"",""id"":""hlkd5116"",""nodes"":[],""paragraphData"":{}},{""type"":""HTML"",""id"":""cps99115"",""nodes"":[],""htmlData"":{""containerData"":{""textWrap"":true,""height"":{""custom"":""1000""},""spoiler"":{},""alignment"":""CENTER"",""width"":{""custom"":""1800""}},""url"":""https://raw.githack.com/backironanalytics/my-site-test/main/sheets/Austin%20Reaves.html"",""source"":""HTML""}},{""type"":""PARAGRAPH"",""id"":""zuhhp117"",""nodes"":[],""paragraphData"":{}}],""metadata"":{""version"":1,""createdTimestamp"":""2022-12-19T17:56:18.279Z"",""updatedTimestamp"":""2022-12-19T17:56:18.279Z"",""id"":""857a69b7-4e6b-4821-973a-064010acd74b""},""documentStyle"":{}}"
LeBron James,Los Angeles Lakers,,,,,,,"{""nodes"":[{""type"":""PARAGRAPH"",""id"":""hlkd5116"",""nodes"":[],""paragraphData"":{}},{""type"":""HTML"",""id"":""cps99115"",""nodes"":[],""htmlData"":{""containerData"":{""textWrap"":true,""height"":{""custom"":""1000""},""spoiler"":{},""alignment"":""CENTER"",""width"":{""custom"":""1800""}},""url"":""https://raw.githack.com/backironanalytics/my-site-test/main/sheets/LeBron%20James.html"",""source"":""HTML""}},{""type"":""PARAGRAPH"",""id"":""zuhhp117"",""nodes"":[],""paragraphData"":{}}],""metadata"":{""version"":1,""createdTimestamp"":""2022-12-19T17:56:18.279Z"",""updatedTimestamp"":""2022-12-19T17:56:18.279Z"",""id"":""857a69b7-4e6b-4821-973a-064010acd74b""},""documentStyle"":{}}"
Rui Hachimura,Los Angeles Lakers,,,,,,,"{""nodes"":[{""type"":""PARAGRAPH"",""id"":""hlkd5116"",""nodes"":[],""paragraphData"":{}},{""type"":""HTML"",""id"":""cps99115"",""nodes"":[],""htmlData"":{""containerData"":{""textWrap"":true,""height"":{""custom"":""1000""},""spoiler"":{},""alignment"":""CENTER"",""width"":{""custom"":""1800""}},""url"":""https://raw.githack.com/backironanalytics/my-site-test/main/sheets/Rui%20Hachimura.html"",""source"":""HTML""}},{""type"":""PARAGRAPH"",""id"":""zuhhp117"",""nodes"":[],""paragraphData"":{}}],""metadata"":{""version"":1,""createdTimestamp"":""2022-12-19T17:56:18.279Z"",""updatedTimestamp"":""2022-12-19T17:56:18.279Z"",""id"":""857a69b7-4e6b-4821-973a-064010acd74b""},""documentStyle"":{}}"
Ja Morant,Memphis Grizzlies,,,,,,,"{""nodes"":[{""type"":""PARAGRAPH"",""id"":""hlkd5116"",""nodes"":[],""paragraphData"":{}},{""type"":""HTML"",""id"":""cps99115"",""nodes"":[],""htmlData"":{""containerData"":{""textWrap"":true,""height"":{""custom"":""1000""},""spoiler"":{},""alignment"":""CENTER"",""width"":{""custom"":""1800""}},""url"":""https://raw.githack.com/backironanalytics/my-site-test/main/sheets/Ja%20Morant.html"",""source"":""HTML""}},{""type"":""PARAGRAPH"",""id"":""zuhhp117"",""nodes"":[],""paragraphData"":{}}],""metadata"":{""version"":1,""createdTimestamp"":""2022-12-19T17:56:18.279Z"",""updatedTimestamp"":""2022-12-19T17:56:18.279Z"",""id"":""857a69b7-4e6b-4821-973a-064010acd74b""},""documentStyle"":{}}"
Bam Adebayo,Miami Heat,,,,,,,"{""nodes"":[{""type"":""PARAGRAPH"",""id"":""hlkd5116"",""nodes"":[],""paragraphData"":{}},{""type"":""HTML"",""id"":""cps99115"",""nodes"":[],""htmlData"":{""containerData"":{""textWrap"":true,""height"":{""custom"":""1000""},""spoiler"":{},""alignment"":""CENTER"",""width"":{""custom"":""1800""}},""url"":""https://raw.githack.com/backironanalytics/my-site-test/main/sheets/Bam%20Adebayo.html"",""source"":""HTML""}},{""type"":""PARAGRAPH"",""id"":""zuhhp117"",""nodes"":[],""paragraphData"":{}}],""metadata"":{""version"":1,""createdTimestamp"":""2022-12-19T17:56:18.279Z"",""updatedTimestamp"":""2022-12-19T17:56:18.279Z"",""id"":""857a69b7-4e6b-4821-973a-064010acd74b""},""documentStyle"":{}}"
Tyler Herro,Miami Heat,,,,,,,"{""nodes"":[{""type"":""PARAGRAPH"",""id"":""hlkd5116"",""nodes"":[],""paragraphData"":{}},{""type"":""HTML"",""id"":""cps99115"",""nodes"":[],""htmlData"":{""containerData"":{""textWrap"":true,""height"":{""custom"":""1000""},""spoiler"":{},""alignment"":""CENTER"",""width"":{""custom"":""1800""}},""url"":""https://raw.githack.com/backironanalytics/my-site-test/main/sheets/Tyler%20Herro.html"",""source"":""HTML""}},{""type"":""PARAGRAPH"",""id"":""zuhhp117"",""nodes"":[],""paragraphData"":{}}],""metadata"":{""version"":1,""createdTimestamp"":""2022-12-19T17:56:18.279Z"",""updatedTimestamp"":""2022-12-19T17:56:18.279Z"",""id"":""857a69b7-4e6b-4821-973a-064010acd74b""},""documentStyle"":{}}"
Jimmy Butler,Miami Heat,,,,,,,"{""nodes"":[{""type"":""PARAGRAPH"",""id"":""hlkd5116"",""nodes"":[],""paragraphData"":{}},{""type"":""HTML"",""id"":""cps99115"",""nodes"":[],""htmlData"":{""containerData"":{""textWrap"":true,""height"":{""custom"":""1000""},""spoiler"":{},""alignment"":""CENTER"",""width"":{""custom"":""1800""}},""url"":""https://raw.githack.com/backironanalytics/my-site-test/main/sheets/Jimmy%20Butler.html"",""source"":""HTML""}},{""type"":""PARAGRAPH"",""id"":""zuhhp117"",""nodes"":[],""paragraphData"":{}}],""metadata"":{""version"":1,""createdTimestamp"":""2022-12-19T17:56:18.279Z"",""updatedTimestamp"":""2022-12-19T17:56:18.279Z"",""id"":""857a69b7-4e6b-4821-973a-064010acd74b""},""documentStyle"":{}}"
Duncan Robinson,Miami Heat,,,,,,,"{""nodes"":[{""type"":""PARAGRAPH"",""id"":""hlkd5116"",""nodes"":[],""paragraphData"":{}},{""type"":""HTML"",""id"":""cps99115"",""nodes"":[],""htmlData"":{""containerData"":{""textWrap"":true,""height"":{""custom"":""1000""},""spoiler"":{},""alignment"":""CENTER"",""width"":{""custom"":""1800""}},""url"":""https://raw.githack.com/backironanalytics/my-site-test/main/sheets/Duncan%20Robinson.html"",""source"":""HTML""}},{""type"":""PARAGRAPH"",""id"":""zuhhp117"",""nodes"":[],""paragraphData"":{}}],""metadata"":{""version"":1,""createdTimestamp"":""2022-12-19T17:56:18.279Z"",""updatedTimestamp"":""2022-12-19T17:56:18.279Z"",""id"":""857a69b7-4e6b-4821-973a-064010acd74b""},""documentStyle"":{}}"
Damian Lillard,Milwaukee Bucks,,,,,,,"{""nodes"":[{""type"":""PARAGRAPH"",""id"":""hlkd5116"",""nodes"":[],""paragraphData"":{}},{""type"":""HTML"",""id"":""cps99115"",""nodes"":[],""htmlData"":{""containerData"":{""textWrap"":true,""height"":{""custom"":""1000""},""spoiler"":{},""alignment"":""CENTER"",""width"":{""custom"":""1800""}},""url"":""https://raw.githack.com/backironanalytics/my-site-test/main/sheets/Damian%20Lillard.html"",""source"":""HTML""}},{""type"":""PARAGRAPH"",""id"":""zuhhp117"",""nodes"":[],""paragraphData"":{}}],""metadata"":{""version"":1,""createdTimestamp"":""2022-12-19T17:56:18.279Z"",""updatedTimestamp"":""2022-12-19T17:56:18.279Z"",""id"":""857a69b7-4e6b-4821-973a-064010acd74b""},""documentStyle"":{}}"
Bobby Portis,Milwaukee Bucks,,,,,,,"{""nodes"":[{""type"":""PARAGRAPH"",""id"":""hlkd5116"",""nodes"":[],""paragraphData"":{}},{""type"":""HTML"",""id"":""cps99115"",""nodes"":[],""htmlData"":{""containerData"":{""textWrap"":true,""height"":{""custom"":""1000""},""spoiler"":{},""alignment"":""CENTER"",""width"":{""custom"":""1800""}},""url"":""https://raw.githack.com/backironanalytics/my-site-test/main/sheets/Bobby%20Portis.html"",""source"":""HTML""}},{""type"":""PARAGRAPH"",""id"":""zuhhp117"",""nodes"":[],""paragraphData"":{}}],""metadata"":{""version"":1,""createdTimestamp"":""2022-12-19T17:56:18.279Z"",""updatedTimestamp"":""2022-12-19T17:56:18.279Z"",""id"":""857a69b7-4e6b-4821-973a-064010acd74b""},""documentStyle"":{}}"
Giannis Antetokounmpo,Milwaukee Bucks,,,,,,,"{""nodes"":[{""type"":""PARAGRAPH"",""id"":""hlkd5116"",""nodes"":[],""paragraphData"":{}},{""type"":""HTML"",""id"":""cps99115"",""nodes"":[],""htmlData"":{""containerData"":{""textWrap"":true,""height"":{""custom"":""1000""},""spoiler"":{},""alignment"":""CENTER"",""width"":{""custom"":""1800""}},""url"":""https://raw.githack.com/backironanalytics/my-site-test/main/sheets/Giannis%20Antetokounmpo.html"",""source"":""HTML""}},{""type"":""PARAGRAPH"",""id"":""zuhhp117"",""nodes"":[],""paragraphData"":{}}],""metadata"":{""version"":1,""createdTimestamp"":""2022-12-19T17:56:18.279Z"",""updatedTimestamp"":""2022-12-19T17:56:18.279Z"",""id"":""857a69b7-4e6b-4821-973a-064010acd74b""},""documentStyle"":{}}"
Donte DiVincenzo,Minnesota Timberwolves,,,,,,,"{""nodes"":[{""type"":""PARAGRAPH"",""id"":""hlkd5116"",""nodes"":[],""paragraphData"":{}},{""type"":""HTML"",""id"":""cps99115"",""nodes"":[],""htmlData"":{""containerData"":{""textWrap"":true,""height"":{""custom"":""1000""},""spoiler"":{},""alignment"":""CENTER"",""width"":{""custom"":""1800""}},""url"":""https://raw.githack.com/backironanalytics/my-site-test/main/sheets/Donte%20DiVincenzo.html"",""source"":""HTML""}},{""type"":""PARAGRAPH"",""id"":""zuhhp117"",""nodes"":[],""paragraphData"":{}}],""metadata"":{""version"":1,""createdTimestamp"":""2022-12-19T17:56:18.279Z"",""updatedTimestamp"":""2022-12-19T17:56:18.279Z"",""id"":""857a69b7-4e6b-4821-973a-064010acd74b""},""documentStyle"":{}}"
Anthony Edwards,Minnesota Timberwolves,,,,,,,"{""nodes"":[{""type"":""PARAGRAPH"",""id"":""hlkd5116"",""nodes"":[],""paragraphData"":{}},{""type"":""HTML"",""id"":""cps99115"",""nodes"":[],""htmlData"":{""containerData"":{""textWrap"":true,""height"":{""custom"":""1000""},""spoiler"":{},""alignment"":""CENTER"",""width"":{""custom"":""1800""}},""url"":""https://raw.githack.com/backironanalytics/my-site-test/main/sheets/Anthony%20Edwards.html"",""source"":""HTML""}},{""type"":""PARAGRAPH"",""id"":""zuhhp117"",""nodes"":[],""paragraphData"":{}}],""metadata"":{""version"":1,""createdTimestamp"":""2022-12-19T17:56:18.279Z"",""updatedTimestamp"":""2022-12-19T17:56:18.279Z"",""id"":""857a69b7-4e6b-4821-973a-064010acd74b""},""documentStyle"":{}}"
Mike Conley,Minnesota Timberwolves,,,,,,,"{""nodes"":[{""type"":""PARAGRAPH"",""id"":""hlkd5116"",""nodes"":[],""paragraphData"":{}},{""type"":""HTML"",""id"":""cps99115"",""nodes"":[],""htmlData"":{""containerData"":{""textWrap"":true,""height"":{""custom"":""1000""},""spoiler"":{},""alignment"":""CENTER"",""width"":{""custom"":""1800""}},""url"":""https://raw.githack.com/backironanalytics/my-site-test/main/sheets/Mike%20Conley.html"",""source"":""HTML""}},{""type"":""PARAGRAPH"",""id"":""zuhhp117"",""nodes"":[],""paragraphData"":{}}],""metadata"":{""version"":1,""createdTimestamp"":""2022-12-19T17:56:18.279Z"",""updatedTimestamp"":""2022-12-19T17:56:18.279Z"",""id"":""857a69b7-4e6b-4821-973a-064010acd74b""},""documentStyle"":{}}"
Naz Reid,Minnesota Timberwolves,,,,,,,"{""nodes"":[{""type"":""PARAGRAPH"",""id"":""hlkd5116"",""nodes"":[],""paragraphData"":{}},{""type"":""HTML"",""id"":""cps99115"",""nodes"":[],""htmlData"":{""containerData"":{""textWrap"":true,""height"":{""custom"":""1000""},""spoiler"":{},""alignment"":""CENTER"",""width"":{""custom"":""1800""}},""url"":""https://raw.githack.com/backironanalytics/my-site-test/main/sheets/Naz%20Reid.html"",""source"":""HTML""}},{""type"":""PARAGRAPH"",""id"":""zuhhp117"",""nodes"":[],""paragraphData"":{}}],""metadata"":{""version"":1,""createdTimestamp"":""2022-12-19T17:56:18.279Z"",""updatedTimestamp"":""2022-12-19T17:56:18.279Z"",""id"":""857a69b7-4e6b-4821-973a-064010acd74b""},""documentStyle"":{}}"
Rudy Gobert,Minnesota Timberwolves,,,,,,,"{""nodes"":[{""type"":""PARAGRAPH"",""id"":""hlkd5116"",""nodes"":[],""paragraphData"":{}},{""type"":""HTML"",""id"":""cps99115"",""nodes"":[],""htmlData"":{""containerData"":{""textWrap"":true,""height"":{""custom"":""1000""},""spoiler"":{},""alignment"":""CENTER"",""width"":{""custom"":""1800""}},""url"":""https://raw.githack.com/backironanalytics/my-site-test/main/sheets/Rudy%20Gobert.html"",""source"":""HTML""}},{""type"":""PARAGRAPH"",""id"":""zuhhp117"",""nodes"":[],""paragraphData"":{}}],""metadata"":{""version"":1,""createdTimestamp"":""2022-12-19T17:56:18.279Z"",""updatedTimestamp"":""2022-12-19T17:56:18.279Z"",""id"":""857a69b7-4e6b-4821-973a-064010acd74b""},""documentStyle"":{}}"
Julius Randle,Minnesota Timberwolves,,,,,,,"{""nodes"":[{""type"":""PARAGRAPH"",""id"":""hlkd5116"",""nodes"":[],""paragraphData"":{}},{""type"":""HTML"",""id"":""cps99115"",""nodes"":[],""htmlData"":{""containerData"":{""textWrap"":true,""height"":{""custom"":""1000""},""spoiler"":{},""alignment"":""CENTER"",""width"":{""custom"":""1800""}},""url"":""https://raw.githack.com/backironanalytics/my-site-test/main/sheets/Julius%20Randle.html"",""source"":""HTML""}},{""type"":""PARAGRAPH"",""id"":""zuhhp117"",""nodes"":[],""paragraphData"":{}}],""metadata"":{""version"":1,""createdTimestamp"":""2022-12-19T17:56:18.279Z"",""updatedTimestamp"":""2022-12-19T17:56:18.279Z"",""id"":""857a69b7-4e6b-4821-973a-064010acd74b""},""documentStyle"":{}}"
Zion Williamson,New Orleans Pelicans,,,,,,,"{""nodes"":[{""type"":""PARAGRAPH"",""id"":""hlkd5116"",""nodes"":[],""paragraphData"":{}},{""type"":""HTML"",""id"":""cps99115"",""nodes"":[],""htmlData"":{""containerData"":{""textWrap"":true,""height"":{""custom"":""1000""},""spoiler"":{},""alignment"":""CENTER"",""width"":{""custom"":""1800""}},""url"":""https://raw.githack.com/backironanalytics/my-site-test/main/sheets/Zion%20Williamson.html"",""source"":""HTML""}},{""type"":""PARAGRAPH"",""id"":""zuhhp117"",""nodes"":[],""paragraphData"":{}}],""metadata"":{""version"":1,""createdTimestamp"":""2022-12-19T17:56:18.279Z"",""updatedTimestamp"":""2022-12-19T17:56:18.279Z"",""id"":""857a69b7-4e6b-4821-973a-064010acd74b""},""documentStyle"":{}}"
Herbert Jones,New Orleans Pelicans,,,,,,,"{""nodes"":[{""type"":""PARAGRAPH"",""id"":""hlkd5116"",""nodes"":[],""paragraphData"":{}},{""type"":""HTML"",""id"":""cps99115"",""nodes"":[],""htmlData"":{""containerData"":{""textWrap"":true,""height"":{""custom"":""1000""},""spoiler"":{},""alignment"":""CENTER"",""width"":{""custom"":""1800""}},""url"":""https://raw.githack.com/backironanalytics/my-site-test/main/sheets/Herbert%20Jones.html"",""source"":""HTML""}},{""type"":""PARAGRAPH"",""id"":""zuhhp117"",""nodes"":[],""paragraphData"":{}}],""metadata"":{""version"":1,""createdTimestamp"":""2022-12-19T17:56:18.279Z"",""updatedTimestamp"":""2022-12-19T17:56:18.279Z"",""id"":""857a69b7-4e6b-4821-973a-064010acd74b""},""documentStyle"":{}}"
CJ McCollum,New Orleans Pelicans,,,,,,,"{""nodes"":[{""type"":""PARAGRAPH"",""id"":""hlkd5116"",""nodes"":[],""paragraphData"":{}},{""type"":""HTML"",""id"":""cps99115"",""nodes"":[],""htmlData"":{""containerData"":{""textWrap"":true,""height"":{""custom"":""1000""},""spoiler"":{},""alignment"":""CENTER"",""width"":{""custom"":""1800""}},""url"":""https://raw.githack.com/backironanalytics/my-site-test/main/sheets/CJ%20McCollum.html"",""source"":""HTML""}},{""type"":""PARAGRAPH"",""id"":""zuhhp117"",""nodes"":[],""paragraphData"":{}}],""metadata"":{""version"":1,""createdTimestamp"":""2022-12-19T17:56:18.279Z"",""updatedTimestamp"":""2022-12-19T17:56:18.279Z"",""id"":""857a69b7-4e6b-4821-973a-064010acd74b""},""documentStyle"":{}}"
Dejounte Murray,New Orleans Pelicans,,,,,,,"{""nodes"":[{""type"":""PARAGRAPH"",""id"":""hlkd5116"",""nodes"":[],""paragraphData"":{}},{""type"":""HTML"",""id"":""cps99115"",""nodes"":[],""htmlData"":{""containerData"":{""textWrap"":true,""height"":{""custom"":""1000""},""spoiler"":{},""alignment"":""CENTER"",""width"":{""custom"":""1800""}},""url"":""https://raw.githack.com/backironanalytics/my-site-test/main/sheets/Dejounte%20Murray.html"",""source"":""HTML""}},{""type"":""PARAGRAPH"",""id"":""zuhhp117"",""nodes"":[],""paragraphData"":{}}],""metadata"":{""version"":1,""createdTimestamp"":""2022-12-19T17:56:18.279Z"",""updatedTimestamp"":""2022-12-19T17:56:18.279Z"",""id"":""857a69b7-4e6b-4821-973a-064010acd74b""},""documentStyle"":{}}"
Brandon Ingram,New Orleans Pelicans,,,,,,,"{""nodes"":[{""type"":""PARAGRAPH"",""id"":""hlkd5116"",""nodes"":[],""paragraphData"":{}},{""type"":""HTML"",""id"":""cps99115"",""nodes"":[],""htmlData"":{""containerData"":{""textWrap"":true,""height"":{""custom"":""1000""},""spoiler"":{},""alignment"":""CENTER"",""width"":{""custom"":""1800""}},""url"":""https://raw.githack.com/backironanalytics/my-site-test/main/sheets/Brandon%20Ingram.html"",""source"":""HTML""}},{""type"":""PARAGRAPH"",""id"":""zuhhp117"",""nodes"":[],""paragraphData"":{}}],""metadata"":{""version"":1,""createdTimestamp"":""2022-12-19T17:56:18.279Z"",""updatedTimestamp"":""2022-12-19T17:56:18.279Z"",""id"":""857a69b7-4e6b-4821-973a-064010acd74b""},""documentStyle"":{}}"
Josh Hart,New York Knicks,,,,,,,"{""nodes"":[{""type"":""PARAGRAPH"",""id"":""hlkd5116"",""nodes"":[],""paragraphData"":{}},{""type"":""HTML"",""id"":""cps99115"",""nodes"":[],""htmlData"":{""containerData"":{""textWrap"":true,""height"":{""custom"":""1000""},""spoiler"":{},""alignment"":""CENTER"",""width"":{""custom"":""1800""}},""url"":""https://raw.githack.com/backironanalytics/my-site-test/main/sheets/Josh%20Hart.html"",""source"":""HTML""}},{""type"":""PARAGRAPH"",""id"":""zuhhp117"",""nodes"":[],""paragraphData"":{}}],""metadata"":{""version"":1,""createdTimestamp"":""2022-12-19T17:56:18.279Z"",""updatedTimestamp"":""2022-12-19T17:56:18.279Z"",""id"":""857a69b7-4e6b-4821-973a-064010acd74b""},""documentStyle"":{}}"
OG Anunoby,New York Knicks,,,,,,,"{""nodes"":[{""type"":""PARAGRAPH"",""id"":""hlkd5116"",""nodes"":[],""paragraphData"":{}},{""type"":""HTML"",""id"":""cps99115"",""nodes"":[],""htmlData"":{""containerData"":{""textWrap"":true,""height"":{""custom"":""1000""},""spoiler"":{},""alignment"":""CENTER"",""width"":{""custom"":""1800""}},""url"":""https://raw.githack.com/backironanalytics/my-site-test/main/sheets/OG%20Anunoby.html"",""source"":""HTML""}},{""type"":""PARAGRAPH"",""id"":""zuhhp117"",""nodes"":[],""paragraphData"":{}}],""metadata"":{""version"":1,""createdTimestamp"":""2022-12-19T17:56:18.279Z"",""updatedTimestamp"":""2022-12-19T17:56:18.279Z"",""id"":""857a69b7-4e6b-4821-973a-064010acd74b""},""documentStyle"":{}}"
Jalen Brunson,New York Knicks,,,,,,,"{""nodes"":[{""type"":""PARAGRAPH"",""id"":""hlkd5116"",""nodes"":[],""paragraphData"":{}},{""type"":""HTML"",""id"":""cps99115"",""nodes"":[],""htmlData"":{""containerData"":{""textWrap"":true,""height"":{""custom"":""1000""},""spoiler"":{},""alignment"":""CENTER"",""width"":{""custom"":""1800""}},""url"":""https://raw.githack.com/backironanalytics/my-site-test/main/sheets/Jalen%20Brunson.html"",""source"":""HTML""}},{""type"":""PARAGRAPH"",""id"":""zuhhp117"",""nodes"":[],""paragraphData"":{}}],""metadata"":{""version"":1,""createdTimestamp"":""2022-12-19T17:56:18.279Z"",""updatedTimestamp"":""2022-12-19T17:56:18.279Z"",""id"":""857a69b7-4e6b-4821-973a-064010acd74b""},""documentStyle"":{}}"
Karl-Anthony Towns,New York Knicks,,,,,,,"{""nodes"":[{""type"":""PARAGRAPH"",""id"":""hlkd5116"",""nodes"":[],""paragraphData"":{}},{""type"":""HTML"",""id"":""cps99115"",""nodes"":[],""htmlData"":{""containerData"":{""textWrap"":true,""height"":{""custom"":""1000""},""spoiler"":{},""alignment"":""CENTER"",""width"":{""custom"":""1800""}},""url"":""https://raw.githack.com/backironanalytics/my-site-test/main/sheets/Karl-Anthony%20Towns.html"",""source"":""HTML""}},{""type"":""PARAGRAPH"",""id"":""zuhhp117"",""nodes"":[],""paragraphData"":{}}],""metadata"":{""version"":1,""createdTimestamp"":""2022-12-19T17:56:18.279Z"",""updatedTimestamp"":""2022-12-19T17:56:18.279Z"",""id"":""857a69b7-4e6b-4821-973a-064010acd74b""},""documentStyle"":{}}"
Shai Gilgeous-Alexander,Oklahoma City Thunder,,,,,,,"{""nodes"":[{""type"":""PARAGRAPH"",""id"":""hlkd5116"",""nodes"":[],""paragraphData"":{}},{""type"":""HTML"",""id"":""cps99115"",""nodes"":[],""htmlData"":{""containerData"":{""textWrap"":true,""height"":{""custom"":""1000""},""spoiler"":{},""alignment"":""CENTER"",""width"":{""custom"":""1800""}},""url"":""https://raw.githack.com/backironanalytics/my-site-test/main/sheets/Shai%20Gilgeous-Alexander.html"",""source"":""HTML""}},{""type"":""PARAGRAPH"",""id"":""zuhhp117"",""nodes"":[],""paragraphData"":{}}],""metadata"":{""version"":1,""createdTimestamp"":""2022-12-19T17:56:18.279Z"",""updatedTimestamp"":""2022-12-19T17:56:18.279Z"",""id"":""857a69b7-4e6b-4821-973a-064010acd74b""},""documentStyle"":{}}"
Chet Holmgren,Oklahoma City Thunder,,,,,,,"{""nodes"":[{""type"":""PARAGRAPH"",""id"":""hlkd5116"",""nodes"":[],""paragraphData"":{}},{""type"":""HTML"",""id"":""cps99115"",""nodes"":[],""htmlData"":{""containerData"":{""textWrap"":true,""height"":{""custom"":""1000""},""spoiler"":{},""alignment"":""CENTER"",""width"":{""custom"":""1800""}},""url"":""https://raw.githack.com/backironanalytics/my-site-test/main/sheets/Chet%20Holmgren.html"",""source"":""HTML""}},{""type"":""PARAGRAPH"",""id"":""zuhhp117"",""nodes"":[],""paragraphData"":{}}],""metadata"":{""version"":1,""createdTimestamp"":""2022-12-19T17:56:18.279Z"",""updatedTimestamp"":""2022-12-19T17:56:18.279Z"",""id"":""857a69b7-4e6b-4821-973a-064010acd74b""},""documentStyle"":{}}"
Alex Caruso,Oklahoma City Thunder,,,,,,,"{""nodes"":[{""type"":""PARAGRAPH"",""id"":""hlkd5116"",""nodes"":[],""paragraphData"":{}},{""type"":""HTML"",""id"":""cps99115"",""nodes"":[],""htmlData"":{""containerData"":{""textWrap"":true,""height"":{""custom"":""1000""},""spoiler"":{},""alignment"":""CENTER"",""width"":{""custom"":""1800""}},""url"":""https://raw.githack.com/backironanalytics/my-site-test/main/sheets/Alex%20Caruso.html"",""source"":""HTML""}},{""type"":""PARAGRAPH"",""id"":""zuhhp117"",""nodes"":[],""paragraphData"":{}}],""metadata"":{""version"":1,""createdTimestamp"":""2022-12-19T17:56:18.279Z"",""updatedTimestamp"":""2022-12-19T17:56:18.279Z"",""id"":""857a69b7-4e6b-4821-973a-064010acd74b""},""documentStyle"":{}}"
Paolo Banchero,Orlando Magic,,,,,,,"{""nodes"":[{""type"":""PARAGRAPH"",""id"":""hlkd5116"",""nodes"":[],""paragraphData"":{}},{""type"":""HTML"",""id"":""cps99115"",""nodes"":[],""htmlData"":{""containerData"":{""textWrap"":true,""height"":{""custom"":""1000""},""spoiler"":{},""alignment"":""CENTER"",""width"":{""custom"":""1800""}},""url"":""https://raw.githack.com/backironanalytics/my-site-test/main/sheets/Paolo%20Banchero.html"",""source"":""HTML""}},{""type"":""PARAGRAPH"",""id"":""zuhhp117"",""nodes"":[],""paragraphData"":{}}],""metadata"":{""version"":1,""createdTimestamp"":""2022-12-19T17:56:18.279Z"",""updatedTimestamp"":""2022-12-19T17:56:18.279Z"",""id"":""857a69b7-4e6b-4821-973a-064010acd74b""},""documentStyle"":{}}"
Tyrese Maxey,Philadelphia 76ers,,,,,,,"{""nodes"":[{""type"":""PARAGRAPH"",""id"":""hlkd5116"",""nodes"":[],""paragraphData"":{}},{""type"":""HTML"",""id"":""cps99115"",""nodes"":[],""htmlData"":{""containerData"":{""textWrap"":true,""height"":{""custom"":""1000""},""spoiler"":{},""alignment"":""CENTER"",""width"":{""custom"":""1800""}},""url"":""https://raw.githack.com/backironanalytics/my-site-test/main/sheets/Tyrese%20Maxey.html"",""source"":""HTML""}},{""type"":""PARAGRAPH"",""id"":""zuhhp117"",""nodes"":[],""paragraphData"":{}}],""metadata"":{""version"":1,""createdTimestamp"":""2022-12-19T17:56:18.279Z"",""updatedTimestamp"":""2022-12-19T17:56:18.279Z"",""id"":""857a69b7-4e6b-4821-973a-064010acd74b""},""documentStyle"":{}}"
Paul George,Philadelphia 76ers,,,,,,,"{""nodes"":[{""type"":""PARAGRAPH"",""id"":""hlkd5116"",""nodes"":[],""paragraphData"":{}},{""type"":""HTML"",""id"":""cps99115"",""nodes"":[],""htmlData"":{""containerData"":{""textWrap"":true,""height"":{""custom"":""1000""},""spoiler"":{},""alignment"":""CENTER"",""width"":{""custom"":""1800""}},""url"":""https://raw.githack.com/backironanalytics/my-site-test/main/sheets/Paul%20George.html"",""source"":""HTML""}},{""type"":""PARAGRAPH"",""id"":""zuhhp117"",""nodes"":[],""paragraphData"":{}}],""metadata"":{""version"":1,""createdTimestamp"":""2022-12-19T17:56:18.279Z"",""updatedTimestamp"":""2022-12-19T17:56:18.279Z"",""id"":""857a69b7-4e6b-4821-973a-064010acd74b""},""documentStyle"":{}}"
Kelly Oubre Jr.,Philadelphia 76ers,,,,,,,"{""nodes"":[{""type"":""PARAGRAPH"",""id"":""hlkd5116"",""nodes"":[],""paragraphData"":{}},{""type"":""HTML"",""id"":""cps99115"",""nodes"":[],""htmlData"":{""containerData"":{""textWrap"":true,""height"":{""custom"":""1000""},""spoiler"":{},""alignment"":""CENTER"",""width"":{""custom"":""1800""}},""url"":""https://raw.githack.com/backironanalytics/my-site-test/main/sheets/Kelly%20Oubre Jr..html"",""source"":""HTML""}},{""type"":""PARAGRAPH"",""id"":""zuhhp117"",""nodes"":[],""paragraphData"":{}}],""metadata"":{""version"":1,""createdTimestamp"":""2022-12-19T17:56:18.279Z"",""updatedTimestamp"":""2022-12-19T17:56:18.279Z"",""id"":""857a69b7-4e6b-4821-973a-064010acd74b""},""documentStyle"":{}}"
Devin Booker,Phoenix Suns,,,,,,,"{""nodes"":[{""type"":""PARAGRAPH"",""id"":""hlkd5116"",""nodes"":[],""paragraphData"":{}},{""type"":""HTML"",""id"":""cps99115"",""nodes"":[],""htmlData"":{""containerData"":{""textWrap"":true,""height"":{""custom"":""1000""},""spoiler"":{},""alignment"":""CENTER"",""width"":{""custom"":""1800""}},""url"":""https://raw.githack.com/backironanalytics/my-site-test/main/sheets/Devin%20Booker.html"",""source"":""HTML""}},{""type"":""PARAGRAPH"",""id"":""zuhhp117"",""nodes"":[],""paragraphData"":{}}],""metadata"":{""version"":1,""createdTimestamp"":""2022-12-19T17:56:18.279Z"",""updatedTimestamp"":""2022-12-19T17:56:18.279Z"",""id"":""857a69b7-4e6b-4821-973a-064010acd74b""},""documentStyle"":{}}"
Bradley Beal,Phoenix Suns,,,,,,,"{""nodes"":[{""type"":""PARAGRAPH"",""id"":""hlkd5116"",""nodes"":[],""paragraphData"":{}},{""type"":""HTML"",""id"":""cps99115"",""nodes"":[],""htmlData"":{""containerData"":{""textWrap"":true,""height"":{""custom"":""1000""},""spoiler"":{},""alignment"":""CENTER"",""width"":{""custom"":""1800""}},""url"":""https://raw.githack.com/backironanalytics/my-site-test/main/sheets/Bradley%20Beal.html"",""source"":""HTML""}},{""type"":""PARAGRAPH"",""id"":""zuhhp117"",""nodes"":[],""paragraphData"":{}}],""metadata"":{""version"":1,""createdTimestamp"":""2022-12-19T17:56:18.279Z"",""updatedTimestamp"":""2022-12-19T17:56:18.279Z"",""id"":""857a69b7-4e6b-4821-973a-064010acd74b""},""documentStyle"":{}}"
Grayson Allen,Phoenix Suns,,,,,,,"{""nodes"":[{""type"":""PARAGRAPH"",""id"":""hlkd5116"",""nodes"":[],""paragraphData"":{}},{""type"":""HTML"",""id"":""cps99115"",""nodes"":[],""htmlData"":{""containerData"":{""textWrap"":true,""height"":{""custom"":""1000""},""spoiler"":{},""alignment"":""CENTER"",""width"":{""custom"":""1800""}},""url"":""https://raw.githack.com/backironanalytics/my-site-test/main/sheets/Grayson%20Allen.html"",""source"":""HTML""}},{""type"":""PARAGRAPH"",""id"":""zuhhp117"",""nodes"":[],""paragraphData"":{}}],""metadata"":{""version"":1,""createdTimestamp"":""2022-12-19T17:56:18.279Z"",""updatedTimestamp"":""2022-12-19T17:56:18.279Z"",""id"":""857a69b7-4e6b-4821-973a-064010acd74b""},""documentStyle"":{}}"
Kevin Durant,Phoenix Suns,,,,,,,"{""nodes"":[{""type"":""PARAGRAPH"",""id"":""hlkd5116"",""nodes"":[],""paragraphData"":{}},{""type"":""HTML"",""id"":""cps99115"",""nodes"":[],""htmlData"":{""containerData"":{""textWrap"":true,""height"":{""custom"":""1000""},""spoiler"":{},""alignment"":""CENTER"",""width"":{""custom"":""1800""}},""url"":""https://raw.githack.com/backironanalytics/my-site-test/main/sheets/Kevin%20Durant.html"",""source"":""HTML""}},{""type"":""PARAGRAPH"",""id"":""zuhhp117"",""nodes"":[],""paragraphData"":{}}],""metadata"":{""version"":1,""createdTimestamp"":""2022-12-19T17:56:18.279Z"",""updatedTimestamp"":""2022-12-19T17:56:18.279Z"",""id"":""857a69b7-4e6b-4821-973a-064010acd74b""},""documentStyle"":{}}"
Scoot Henderson,Portland Trail Blazers,,,,,,,"{""nodes"":[{""type"":""PARAGRAPH"",""id"":""hlkd5116"",""nodes"":[],""paragraphData"":{}},{""type"":""HTML"",""id"":""cps99115"",""nodes"":[],""htmlData"":{""containerData"":{""textWrap"":true,""height"":{""custom"":""1000""},""spoiler"":{},""alignment"":""CENTER"",""width"":{""custom"":""1800""}},""url"":""https://raw.githack.com/backironanalytics/my-site-test/main/sheets/Scoot%20Henderson.html"",""source"":""HTML""}},{""type"":""PARAGRAPH"",""id"":""zuhhp117"",""nodes"":[],""paragraphData"":{}}],""metadata"":{""version"":1,""createdTimestamp"":""2022-12-19T17:56:18.279Z"",""updatedTimestamp"":""2022-12-19T17:56:18.279Z"",""id"":""857a69b7-4e6b-4821-973a-064010acd74b""},""documentStyle"":{}}"
Anfernee Simons,Portland Trail Blazers,,,,,,,"{""nodes"":[{""type"":""PARAGRAPH"",""id"":""hlkd5116"",""nodes"":[],""paragraphData"":{}},{""type"":""HTML"",""id"":""cps99115"",""nodes"":[],""htmlData"":{""containerData"":{""textWrap"":true,""height"":{""custom"":""1000""},""spoiler"":{},""alignment"":""CENTER"",""width"":{""custom"":""1800""}},""url"":""https://raw.githack.com/backironanalytics/my-site-test/main/sheets/Anfernee%20Simons.html"",""source"":""HTML""}},{""type"":""PARAGRAPH"",""id"":""zuhhp117"",""nodes"":[],""paragraphData"":{}}],""metadata"":{""version"":1,""createdTimestamp"":""2022-12-19T17:56:18.279Z"",""updatedTimestamp"":""2022-12-19T17:56:18.279Z"",""id"":""857a69b7-4e6b-4821-973a-064010acd74b""},""documentStyle"":{}}"
Deandre Ayton,Portland Trail Blazers,,,,,,,"{""nodes"":[{""type"":""PARAGRAPH"",""id"":""hlkd5116"",""nodes"":[],""paragraphData"":{}},{""type"":""HTML"",""id"":""cps99115"",""nodes"":[],""htmlData"":{""containerData"":{""textWrap"":true,""height"":{""custom"":""1000""},""spoiler"":{},""alignment"":""CENTER"",""width"":{""custom"":""1800""}},""url"":""https://raw.githack.com/backironanalytics/my-site-test/main/sheets/Deandre%20Ayton.html"",""source"":""HTML""}},{""type"":""PARAGRAPH"",""id"":""zuhhp117"",""nodes"":[],""paragraphData"":{}}],""metadata"":{""version"":1,""createdTimestamp"":""2022-12-19T17:56:18.279Z"",""updatedTimestamp"":""2022-12-19T17:56:18.279Z"",""id"":""857a69b7-4e6b-4821-973a-064010acd74b""},""documentStyle"":{}}"
Malik Monk,Sacramento Kings,,,,,,,"{""nodes"":[{""type"":""PARAGRAPH"",""id"":""hlkd5116"",""nodes"":[],""paragraphData"":{}},{""type"":""HTML"",""id"":""cps99115"",""nodes"":[],""htmlData"":{""containerData"":{""textWrap"":true,""height"":{""custom"":""1000""},""spoiler"":{},""alignment"":""CENTER"",""width"":{""custom"":""1800""}},""url"":""https://raw.githack.com/backironanalytics/my-site-test/main/sheets/Malik%20Monk.html"",""source"":""HTML""}},{""type"":""PARAGRAPH"",""id"":""zuhhp117"",""nodes"":[],""paragraphData"":{}}],""metadata"":{""version"":1,""createdTimestamp"":""2022-12-19T17:56:18.279Z"",""updatedTimestamp"":""2022-12-19T17:56:18.279Z"",""id"":""857a69b7-4e6b-4821-973a-064010acd74b""},""documentStyle"":{}}"
De'Aaron Fox,Sacramento Kings,,,,,,,"{""nodes"":[{""type"":""PARAGRAPH"",""id"":""hlkd5116"",""nodes"":[],""paragraphData"":{}},{""type"":""HTML"",""id"":""cps99115"",""nodes"":[],""htmlData"":{""containerData"":{""textWrap"":true,""height"":{""custom"":""1000""},""spoiler"":{},""alignment"":""CENTER"",""width"":{""custom"":""1800""}},""url"":""https://raw.githack.com/backironanalytics/my-site-test/main/sheets/De'Aaron%20Fox.html"",""source"":""HTML""}},{""type"":""PARAGRAPH"",""id"":""zuhhp117"",""nodes"":[],""paragraphData"":{}}],""metadata"":{""version"":1,""createdTimestamp"":""2022-12-19T17:56:18.279Z"",""updatedTimestamp"":""2022-12-19T17:56:18.279Z"",""id"":""857a69b7-4e6b-4821-973a-064010acd74b""},""documentStyle"":{}}"
DeMar DeRozan,Sacramento Kings,,,,,,,"{""nodes"":[{""type"":""PARAGRAPH"",""id"":""hlkd5116"",""nodes"":[],""paragraphData"":{}},{""type"":""HTML"",""id"":""cps99115"",""nodes"":[],""htmlData"":{""containerData"":{""textWrap"":true,""height"":{""custom"":""1000""},""spoiler"":{},""alignment"":""CENTER"",""width"":{""custom"":""1800""}},""url"":""https://raw.githack.com/backironanalytics/my-site-test/main/sheets/DeMar%20DeRozan.html"",""source"":""HTML""}},{""type"":""PARAGRAPH"",""id"":""zuhhp117"",""nodes"":[],""paragraphData"":{}}],""metadata"":{""version"":1,""createdTimestamp"":""2022-12-19T17:56:18.279Z"",""updatedTimestamp"":""2022-12-19T17:56:18.279Z"",""id"":""857a69b7-4e6b-4821-973a-064010acd74b""},""documentStyle"":{}}"
Domantas Sabonis,Sacramento Kings,,,,,,,"{""nodes"":[{""type"":""PARAGRAPH"",""id"":""hlkd5116"",""nodes"":[],""paragraphData"":{}},{""type"":""HTML"",""id"":""cps99115"",""nodes"":[],""htmlData"":{""containerData"":{""textWrap"":true,""height"":{""custom"":""1000""},""spoiler"":{},""alignment"":""CENTER"",""width"":{""custom"":""1800""}},""url"":""https://raw.githack.com/backironanalytics/my-site-test/main/sheets/Domantas%20Sabonis.html"",""source"":""HTML""}},{""type"":""PARAGRAPH"",""id"":""zuhhp117"",""nodes"":[],""paragraphData"":{}}],""metadata"":{""version"":1,""createdTimestamp"":""2022-12-19T17:56:18.279Z"",""updatedTimestamp"":""2022-12-19T17:56:18.279Z"",""id"":""857a69b7-4e6b-4821-973a-064010acd74b""},""documentStyle"":{}}"
Victor Wembanyama,San Antonio Spurs,,,,,,,"{""nodes"":[{""type"":""PARAGRAPH"",""id"":""hlkd5116"",""nodes"":[],""paragraphData"":{}},{""type"":""HTML"",""id"":""cps99115"",""nodes"":[],""htmlData"":{""containerData"":{""textWrap"":true,""height"":{""custom"":""1000""},""spoiler"":{},""alignment"":""CENTER"",""width"":{""custom"":""1800""}},""url"":""https://raw.githack.com/backironanalytics/my-site-test/main/sheets/Victor%20Wembanyama.html"",""source"":""HTML""}},{""type"":""PARAGRAPH"",""id"":""zuhhp117"",""nodes"":[],""paragraphData"":{}}],""metadata"":{""version"":1,""createdTimestamp"":""2022-12-19T17:56:18.279Z"",""updatedTimestamp"":""2022-12-19T17:56:18.279Z"",""id"":""857a69b7-4e6b-4821-973a-064010acd74b""},""documentStyle"":{}}"
Chris Paul,San Antonio Spurs,,,,,,,"{""nodes"":[{""type"":""PARAGRAPH"",""id"":""hlkd5116"",""nodes"":[],""paragraphData"":{}},{""type"":""HTML"",""id"":""cps99115"",""nodes"":[],""htmlData"":{""containerData"":{""textWrap"":true,""height"":{""custom"":""1000""},""spoiler"":{},""alignment"":""CENTER"",""width"":{""custom"":""1800""}},""url"":""https://raw.githack.com/backironanalytics/my-site-test/main/sheets/Chris%20Paul.html"",""source"":""HTML""}},{""type"":""PARAGRAPH"",""id"":""zuhhp117"",""nodes"":[],""paragraphData"":{}}],""metadata"":{""version"":1,""createdTimestamp"":""2022-12-19T17:56:18.279Z"",""updatedTimestamp"":""2022-12-19T17:56:18.279Z"",""id"":""857a69b7-4e6b-4821-973a-064010acd74b""},""documentStyle"":{}}"
Scottie Barnes,Toronto Raptors,,,,,,,"{""nodes"":[{""type"":""PARAGRAPH"",""id"":""hlkd5116"",""nodes"":[],""paragraphData"":{}},{""type"":""HTML"",""id"":""cps99115"",""nodes"":[],""htmlData"":{""containerData"":{""textWrap"":true,""height"":{""custom"":""1000""},""spoiler"":{},""alignment"":""CENTER"",""width"":{""custom"":""1800""}},""url"":""https://raw.githack.com/backironanalytics/my-site-test/main/sheets/Scottie%20Barnes.html"",""source"":""HTML""}},{""type"":""PARAGRAPH"",""id"":""zuhhp117"",""nodes"":[],""paragraphData"":{}}],""metadata"":{""version"":1,""createdTimestamp"":""2022-12-19T17:56:18.279Z"",""updatedTimestamp"":""2022-12-19T17:56:18.279Z"",""id"":""857a69b7-4e6b-4821-973a-064010acd74b""},""documentStyle"":{}}"
RJ Barrett,Toronto Raptors,,,,,,,"{""nodes"":[{""type"":""PARAGRAPH"",""id"":""hlkd5116"",""nodes"":[],""paragraphData"":{}},{""type"":""HTML"",""id"":""cps99115"",""nodes"":[],""htmlData"":{""containerData"":{""textWrap"":true,""height"":{""custom"":""1000""},""spoiler"":{},""alignment"":""CENTER"",""width"":{""custom"":""1800""}},""url"":""https://raw.githack.com/backironanalytics/my-site-test/main/sheets/RJ%20Barrett.html"",""source"":""HTML""}},{""type"":""PARAGRAPH"",""id"":""zuhhp117"",""nodes"":[],""paragraphData"":{}}],""metadata"":{""version"":1,""createdTimestamp"":""2022-12-19T17:56:18.279Z"",""updatedTimestamp"":""2022-12-19T17:56:18.279Z"",""id"":""857a69b7-4e6b-4821-973a-064010acd74b""},""documentStyle"":{}}"
Jordan Clarkson,Utah Jazz,,,,,,,"{""nodes"":[{""type"":""PARAGRAPH"",""id"":""hlkd5116"",""nodes"":[],""paragraphData"":{}},{""type"":""HTML"",""id"":""cps99115"",""nodes"":[],""htmlData"":{""containerData"":{""textWrap"":true,""height"":{""custom"":""1000""},""spoiler"":{},""alignment"":""CENTER"",""width"":{""custom"":""1800""}},""url"":""https://raw.githack.com/backironanalytics/my-site-test/main/sheets/Jordan%20Clarkson.html"",""source"":""HTML""}},{""type"":""PARAGRAPH"",""id"":""zuhhp117"",""nodes"":[],""paragraphData"":{}}],""metadata"":{""version"":1,""createdTimestamp"":""2022-12-19T17:56:18.279Z"",""updatedTimestamp"":""2022-12-19T17:56:18.279Z"",""id"":""857a69b7-4e6b-4821-973a-064010acd74b""},""documentStyle"":{}}"
Lauri Markkanen,Utah Jazz,,,,,,,"{""nodes"":[{""type"":""PARAGRAPH"",""id"":""hlkd5116"",""nodes"":[],""paragraphData"":{}},{""type"":""HTML"",""id"":""cps99115"",""nodes"":[],""htmlData"":{""containerData"":{""textWrap"":true,""height"":{""custom"":""1000""},""spoiler"":{},""alignment"":""CENTER"",""width"":{""custom"":""1800""}},""url"":""https://raw.githack.com/backironanalytics/my-site-test/main/sheets/Lauri%20Markkanen.html"",""source"":""HTML""}},{""type"":""PARAGRAPH"",""id"":""zuhhp117"",""nodes"":[],""paragraphData"":{}}],""metadata"":{""version"":1,""createdTimestamp"":""2022-12-19T17:56:18.279Z"",""updatedTimestamp"":""2022-12-19T17:56:18.279Z"",""id"":""857a69b7-4e6b-4821-973a-064010acd74b""},""documentStyle"":{}}"
Kyle Kuzma,Washington Wizards,,,,,,,"{""nodes"":[{""type"":""PARAGRAPH"",""id"":""hlkd5116"",""nodes"":[],""paragraphData"":{}},{""type"":""HTML"",""id"":""cps99115"",""nodes"":[],""htmlData"":{""containerData"":{""textWrap"":true,""height"":{""custom"":""1000""},""spoiler"":{},""alignment"":""CENTER"",""width"":{""custom"":""1800""}},""url"":""https://raw.githack.com/backironanalytics/my-site-test/main/sheets/Kyle%20Kuzma.html"",""source"":""HTML""}},{""type"":""PARAGRAPH"",""id"":""zuhhp117"",""nodes"":[],""paragraphData"":{}}],""metadata"":{""version"":1,""createdTimestamp"":""2022-12-19T17:56:18.279Z"",""updatedTimestamp"":""2022-12-19T17:56:18.279Z"",""id"":""857a69b7-4e6b-4821-973a-064010acd74b""},""documentStyle"":{}}"
